[
  {
    "value": "Sydney Opera House",
    "synonyms": [
      "Sydney Opera House",
      "Sydney opera house"
    ]
  },
  {
    "value": "Bondi Beach",
    "synonyms": [
      "Bondi Beach",
      "bondi beach"
    ]
  },
  {
    "value": "Taronga Zoo",
    "synonyms": [
      "Taronga Zoo",
      "taronga zoo"
    ]
  },
  {
    "value": "Sydney Harbour Bridge",
    "synonyms": [
      "Sydney Harbour Bridge",
      "Sydney harbour bridge"
    ]
  },
  {
    "value": "Darling Harbour",
    "synonyms": [
      "Darling harbour"
    ]
  },
  {
    "value": "Federation Square",
    "synonyms": [
      "federation square"
    ]
  },
  {
    "value": "Royal Botanic Gardens",
    "synonyms": [
      "royal botanic gardens"
    ]
  },
  {
    "value": "Queen Victoria Market",
    "synonyms": [
      "queen victoria market"
    ]
  },
  {
    "value": "Great Ocean Road",
    "synonyms": [
      "Great Ocean Road"
    ]
  },
  {
    "value": "Melbourne Museum",
    "synonyms": [
      "Melbourne Museum"
    ]
  },
  {
    "value": "South Bank Parklands",
    "synonyms": [
      "South Bank Parklands"
    ]
  },
  {
    "value": "Story Bridge Adventure Climb",
    "synonyms": [
      "Story Bridge Adventure Climb"
    ]
  },
  {
    "value": "Lone Pine Koala Sanctuary",
    "synonyms": [
      "Lone Pine Koala Sanctuary"
    ]
  },
  {
    "value": "Mount Coot-tha Lookout",
    "synonyms": [
      "Mount Coot-tha Lookout"
    ]
  },
  {
    "value": "Gallery of Modern Art",
    "synonyms": [
      "Gallery of Modern Art"
    ]
  },
  {
    "value": "Kings Park and Botanic Garden",
    "synonyms": [
      "Kings Park and Botanic Garden"
    ]
  },
  {
    "value": "Cottesloe Beach",
    "synonyms": [
      "Cottesloe Beach"
    ]
  },
  {
    "value": "Perth Zoo",
    "synonyms": [
      "Perth Zoo"
    ]
  },
  {
    "value": "Elizabeth Quay",
    "synonyms": [
      "Elizabeth Quay"
    ]
  },
  {
    "value": "Fremantle Markets",
    "synonyms": [
      "Fremantle Markets"
    ]
  },
  {
    "value": "Adelaide Oval",
    "synonyms": [
      "Adelaide Oval"
    ]
  },
  {
    "value": "Art Gallery of South Australia",
    "synonyms": [
      "Art Gallery of South Australia"
    ]
  },
  {
    "value": "Glenelg Beach",
    "synonyms": [
      "Glenelg Beach"
    ]
  },
  {
    "value": "Adelaide Botanic Garden",
    "synonyms": [
      "Adelaide Botanic Garden"
    ]
  },
  {
    "value": "Barossa Valley",
    "synonyms": [
      "Barossa Valley"
    ]
  },
  {
    "value": "Parliament House",
    "synonyms": [
      "Parliament House"
    ]
  },
  {
    "value": "Australian War Memorial",
    "synonyms": [
      "Australian War Memorial"
    ]
  },
  {
    "value": "National Gallery of Australia",
    "synonyms": [
      "National Gallery of Australia"
    ]
  },
  {
    "value": "Lake Burley Griffin",
    "synonyms": [
      "Lake Burley Griffin"
    ]
  },
  {
    "value": "Questacon Science Centre",
    "synonyms": [
      "Questacon Science Centre"
    ]
  },
  {
    "value": "Mindil Beach Sunset Market",
    "synonyms": [
      "Mindil Beach Sunset Market"
    ]
  },
  {
    "value": "Crocosaurus Cove",
    "synonyms": [
      "Crocosaurus Cove"
    ]
  },
  {
    "value": "Litchfield National Park",
    "synonyms": [
      "Litchfield National Park"
    ]
  },
  {
    "value": "Museum and Art Gallery of NT",
    "synonyms": [
      "Museum and Art Gallery of NT"
    ]
  },
  {
    "value": "MONA Museum",
    "synonyms": [
      "MONA (Museum of Old and New Art)",
      "Meuseum of Old and New Art"
    ]
  },
  {
    "value": "Mount Wellington",
    "synonyms": [
      "Mount Wellington"
    ]
  },
  {
    "value": "Battery Point",
    "synonyms": [
      "Battery Point"
    ]
  },
  {
    "value": "Bruny Island",
    "synonyms": [
      "Bruny Island"
    ]
  },
  {
    "value": "Great Barrier Reef",
    "synonyms": [
      "Great Barrier Reef"
    ]
  },
  {
    "value": "Kuranda Scenic Railway",
    "synonyms": [
      "Kuranda Scenic Railway"
    ]
  },
  {
    "value": "Cairns Esplanade Lagoon",
    "synonyms": [
      "Cairns Esplanade Lagoon"
    ]
  },
  {
    "value": "Daintree Rainforest",
    "synonyms": [
      "Daintree Rainforest"
    ]
  },
  {
    "value": "Green Island",
    "synonyms": [
      "Green Island"
    ]
  }
]