[
  {
    "value": "Sydney",
    "synonyms": [
      "Sydney",
      "sydney",
      "syd"
    ]
  },
  {
    "value": "Melbourne",
    "synonyms": [
      "Melbourne",
      "melbourne",
      "melb"
    ]
  },
  {
    "value": "Brisbane",
    "synonyms": [
      "Brisbane",
      "brisbane"
    ]
  },
  {
    "value": "Perth",
    "synonyms": [
      "Perth",
      "perth"
    ]
  },
  {
    "value": "Adelaide",
    "synonyms": [
      "Adelaide",
      "adelaide"
    ]
  },
  {
    "value": "Canberra",
    "synonyms": [
      "Canberra",
      "canberra"
    ]
  },
  {
    "value": "Darwin",
    "synonyms": [
      "Darwin",
      "darwin"
    ]
  },
  {
    "value": "Hobart",
    "synonyms": [
      "Hobart",
      "hobart"
    ]
  },
  {
    "value": "Cairns",
    "synonyms": [
      "Cairns",
      "cairns"
    ]
  }
]