[
  {
    "id": "5c59882d-6891-434e-838d-10a94a920e23",
    "data": [
      {
        "text": "Green Island?",
        "userDefined": false
      }
    ],
    "isTemplate": false,
    "count": 0,
    "lang": "en",
    "updated": 0
  },
  {
    "id": "b3b43f17-ca9a-4cf9-8ccd-9338fdddae4b",
    "data": [
      {
        "text": "Green Island",
        "userDefined": false
      }
    ],
    "isTemplate": false,
    "count": 1,
    "lang": "en",
    "updated": 0
  },
  {
    "id": "99e273a3-2605-49d5-b7ba-536b7a3fd398",
    "data": [
      {
        "text": "Daintree Rainforest",
        "userDefined": false
      }
    ],
    "isTemplate": false,
    "count": 0,
    "lang": "en",
    "updated": 0
  },
  {
    "id": "d86112ad-f6b5-4463-853b-47a021980ed5",
    "data": [
      {
        "text": "Cairns Esplanade Lagoon",
        "userDefined": false
      }
    ],
    "isTemplate": false,
    "count": 0,
    "lang": "en",
    "updated": 0
  },
  {
    "id": "64d666c7-d051-4f5c-8f45-90f8e4793cce",
    "data": [
      {
        "text": "Kuranda Scenic Railway",
        "userDefined": false
      }
    ],
    "isTemplate": false,
    "count": 0,
    "lang": "en",
    "updated": 0
  },
  {
    "id": "6b193a64-6fa2-4e38-bc39-44beb4ce25bf",
    "data": [
      {
        "text": "Great Barrier Reef",
        "userDefined": false
      }
    ],
    "isTemplate": false,
    "count": 0,
    "lang": "en",
    "updated": 0
  },
  {
    "id": "f4283b1c-18b2-4d56-a4a0-e2feebced59f",
    "data": [
      {
        "text": "Bruny Island",
        "userDefined": false
      }
    ],
    "isTemplate": false,
    "count": 0,
    "lang": "en",
    "updated": 0
  },
  {
    "id": "ddd5ad9a-9d79-41f8-a80f-b367beaee202",
    "data": [
      {
        "text": "Mount Wellington",
        "userDefined": false
      }
    ],
    "isTemplate": false,
    "count": 0,
    "lang": "en",
    "updated": 0
  },
  {
    "id": "800ac273-015b-437b-b081-42446524314b",
    "data": [
      {
        "text": "Salamanca Market",
        "userDefined": false
      }
    ],
    "isTemplate": false,
    "count": 0,
    "lang": "en",
    "updated": 0
  },
  {
    "id": "19708b41-792c-465c-afea-0cafa7f29ce0",
    "data": [
      {
        "text": "MONA (Museum of Old and New Art)",
        "userDefined": false
      }
    ],
    "isTemplate": false,
    "count": 0,
    "lang": "en",
    "updated": 0
  },
  {
    "id": "a1cc1cb0-1c6f-4b2a-9409-f1a0f486a346",
    "data": [
      {
        "text": "Museum and Art Gallery of ",
        "userDefined": false
      },
      {
        "text": "NT",
        "userDefined": false
      }
    ],
    "isTemplate": false,
    "count": 0,
    "lang": "en",
    "updated": 0
  },
  {
    "id": "e1729f2a-b6c8-4a17-9ef2-2f92a913e09c",
    "data": [
      {
        "text": "Litchfield",
        "userDefined": false
      },
      {
        "text": " National Park",
        "userDefined": false
      }
    ],
    "isTemplate": false,
    "count": 0,
    "lang": "en",
    "updated": 0
  },
  {
    "id": "ef6e7054-86ba-45cb-bf7e-8ed792a37453",
    "data": [
      {
        "text": "Crocosaurus Cove",
        "userDefined": false
      }
    ],
    "isTemplate": false,
    "count": 0,
    "lang": "en",
    "updated": 0
  },
  {
    "id": "4e7a1062-b052-4b84-af49-577afeb2d165",
    "data": [
      {
        "text": "Mindil Beach Sunset Market",
        "userDefined": false
      }
    ],
    "isTemplate": false,
    "count": 0,
    "lang": "en",
    "updated": 0
  },
  {
    "id": "1b749649-f124-49c4-a2a4-c37694950e7a",
    "data": [
      {
        "text": "Questacon Science Centre",
        "userDefined": false
      }
    ],
    "isTemplate": false,
    "count": 0,
    "lang": "en",
    "updated": 0
  },
  {
    "id": "5a44cef5-24ce-4eb6-a4a0-7c48f8a7b871",
    "data": [
      {
        "text": "Lake Burley Griffin",
        "userDefined": false
      }
    ],
    "isTemplate": false,
    "count": 0,
    "lang": "en",
    "updated": 0
  },
  {
    "id": "cc6f8ca5-5c39-406e-a6f9-38e3d48b2456",
    "data": [
      {
        "text": "National Gallery of ",
        "userDefined": false
      },
      {
        "text": "Australia",
        "userDefined": false
      }
    ],
    "isTemplate": false,
    "count": 0,
    "lang": "en",
    "updated": 0
  },
  {
    "id": "1d850842-05a0-4db9-9466-8fbaec64e06e",
    "data": [
      {
        "text": "Australian War Memorial",
        "userDefined": false
      }
    ],
    "isTemplate": false,
    "count": 0,
    "lang": "en",
    "updated": 0
  },
  {
    "id": "83923d09-6aba-4eb2-8542-f3cd1097744a",
    "data": [
      {
        "text": "Parliament House",
        "userDefined": false
      }
    ],
    "isTemplate": false,
    "count": 0,
    "lang": "en",
    "updated": 0
  },
  {
    "id": "636ba458-b442-49be-8ca5-e402b13b0e37",
    "data": [
      {
        "text": "Barossa Valley",
        "userDefined": false
      }
    ],
    "isTemplate": false,
    "count": 0,
    "lang": "en",
    "updated": 0
  },
  {
    "id": "22cbe70e-895b-4f2c-a66b-becdc034de87",
    "data": [
      {
        "text": "Adelaide Botanic Garden",
        "userDefined": false
      }
    ],
    "isTemplate": false,
    "count": 0,
    "lang": "en",
    "updated": 0
  },
  {
    "id": "d9cd0615-db3a-4b0d-9431-9bcbc7b09e08",
    "data": [
      {
        "text": "Glenelg",
        "userDefined": false
      },
      {
        "text": " Beach",
        "userDefined": false
      }
    ],
    "isTemplate": false,
    "count": 0,
    "lang": "en",
    "updated": 0
  },
  {
    "id": "3fec8cbc-8e7e-4182-8ada-1a5d99c8b363",
    "data": [
      {
        "text": "Art Gallery of South Australia",
        "userDefined": false
      }
    ],
    "isTemplate": false,
    "count": 0,
    "lang": "en",
    "updated": 0
  },
  {
    "id": "2a58f417-fdb4-457b-9df6-2e0e84509394",
    "data": [
      {
        "text": "Adelaide Oval",
        "userDefined": false
      }
    ],
    "isTemplate": false,
    "count": 0,
    "lang": "en",
    "updated": 0
  },
  {
    "id": "0c1d711d-d18d-4de2-beca-4723ef7e9844",
    "data": [
      {
        "text": "Fremantle Markets",
        "userDefined": false
      }
    ],
    "isTemplate": false,
    "count": 0,
    "lang": "en",
    "updated": 0
  },
  {
    "id": "b933b711-9348-488a-a3f0-d07241bf808e",
    "data": [
      {
        "text": "Elizabeth Quay",
        "userDefined": false
      }
    ],
    "isTemplate": false,
    "count": 0,
    "lang": "en",
    "updated": 0
  },
  {
    "id": "f9d21192-1ebc-4405-944a-474819e7cb4a",
    "data": [
      {
        "text": "Perth",
        "userDefined": false
      },
      {
        "text": " Zoo",
        "userDefined": false
      }
    ],
    "isTemplate": false,
    "count": 0,
    "lang": "en",
    "updated": 0
  },
  {
    "id": "38aaf00a-1dbe-4f66-a6e6-ddfc66b881c8",
    "data": [
      {
        "text": "Cottesloe",
        "userDefined": false
      },
      {
        "text": " Beach",
        "userDefined": false
      }
    ],
    "isTemplate": false,
    "count": 0,
    "lang": "en",
    "updated": 0
  },
  {
    "id": "42c0c50b-7465-4adc-a9e1-446203815007",
    "data": [
      {
        "text": "Kings Park",
        "userDefined": false
      },
      {
        "text": " and Botanic Garden",
        "userDefined": false
      }
    ],
    "isTemplate": false,
    "count": 0,
    "lang": "en",
    "updated": 0
  },
  {
    "id": "5c5ff90e-0e2b-432b-acb5-87a60680dbc8",
    "data": [
      {
        "text": "Gallery of Modern Art",
        "userDefined": false
      }
    ],
    "isTemplate": false,
    "count": 0,
    "lang": "en",
    "updated": 0
  },
  {
    "id": "7713da2e-125b-436b-9da9-eccb4dfe56e2",
    "data": [
      {
        "text": "Mount Coot-tha",
        "userDefined": false
      },
      {
        "text": " Lookout",
        "userDefined": false
      }
    ],
    "isTemplate": false,
    "count": 0,
    "lang": "en",
    "updated": 0
  },
  {
    "id": "df2eb98e-5ff8-4246-be7d-bc5106baf222",
    "data": [
      {
        "text": "Lone Pine Koala Sanctuary",
        "userDefined": false
      }
    ],
    "isTemplate": false,
    "count": 0,
    "lang": "en",
    "updated": 0
  },
  {
    "id": "1285d802-354a-4d28-b032-15decba71520",
    "data": [
      {
        "text": "Story Bridge Adventure Climb",
        "userDefined": false
      }
    ],
    "isTemplate": false,
    "count": 0,
    "lang": "en",
    "updated": 0
  },
  {
    "id": "584b708e-3305-4f8e-85db-ec312e01cbd7",
    "data": [
      {
        "text": "South Bank Parklands",
        "userDefined": false
      }
    ],
    "isTemplate": false,
    "count": 0,
    "lang": "en",
    "updated": 0
  },
  {
    "id": "10fc89d7-dd6c-4058-81e6-3290cd86ee01",
    "data": [
      {
        "text": "Melbourne Museum",
        "userDefined": false
      }
    ],
    "isTemplate": false,
    "count": 0,
    "lang": "en",
    "updated": 0
  },
  {
    "id": "1675ea49-7044-4e5a-87a3-853648cb091a",
    "data": [
      {
        "text": "Great Ocean Road",
        "userDefined": false
      }
    ],
    "isTemplate": false,
    "count": 0,
    "lang": "en",
    "updated": 0
  },
  {
    "id": "3589d21b-c34f-4f1f-8608-5f3e7f6fa07c",
    "data": [
      {
        "text": "Queen Victoria Market",
        "userDefined": false
      }
    ],
    "isTemplate": false,
    "count": 0,
    "lang": "en",
    "updated": 0
  },
  {
    "id": "fed952b9-2c58-432d-9c96-372ee7b3a75b",
    "data": [
      {
        "text": "Royal Botanic Gardens",
        "userDefined": false
      }
    ],
    "isTemplate": false,
    "count": 0,
    "lang": "en",
    "updated": 0
  },
  {
    "id": "82b1c8fe-6d77-4b68-bbdf-166f958c7d83",
    "data": [
      {
        "text": "Federation Square",
        "userDefined": false
      }
    ],
    "isTemplate": false,
    "count": 0,
    "lang": "en",
    "updated": 0
  },
  {
    "id": "b2075e8e-ed20-49ad-9b0f-11ea6ad34475",
    "data": [
      {
        "text": "Darling Harbour",
        "userDefined": false
      }
    ],
    "isTemplate": false,
    "count": 0,
    "lang": "en",
    "updated": 0
  },
  {
    "id": "1a4001d0-31b8-4f34-beed-53b9cbc547bd",
    "data": [
      {
        "text": "Sydney",
        "userDefined": false
      },
      {
        "text": " Harbour Bridge",
        "userDefined": false
      }
    ],
    "isTemplate": false,
    "count": 0,
    "lang": "en",
    "updated": 0
  },
  {
    "id": "c66aa2e8-6d39-4e3c-b69c-245dbb2003f7",
    "data": [
      {
        "text": "Taronga Zoo",
        "userDefined": false
      }
    ],
    "isTemplate": false,
    "count": 0,
    "lang": "en",
    "updated": 0
  },
  {
    "id": "fc5279bd-e892-45de-a46d-7a094f85ce62",
    "data": [
      {
        "text": "Bondi Beach",
        "userDefined": false
      }
    ],
    "isTemplate": false,
    "count": 0,
    "lang": "en",
    "updated": 0
  },
  {
    "id": "ab1daef5-27fb-49fd-9485-e79af555c770",
    "data": [
      {
        "text": "Sydney Opera House",
        "userDefined": false
      }
    ],
    "isTemplate": false,
    "count": 0,
    "lang": "en",
    "updated": 0
  }
]