[
  {
    "id": "3418b4ef-a20a-4b62-94f8-fe634d3ff17a",
    "data": [
      {
        "text": "How much are the tickets?, What is the ticket price for Taronga Zoo?, How much to enter Sydney Opera House?, What are the entry fees?",
        "userDefined": false
      }
    ],
    "isTemplate": false,
    "count": 0,
    "lang": "en",
    "updated": 0
  },
  {
    "id": "61e0928a-a530-4bff-b25e-e00372340f9a",
    "data": [
      {
        "text": "How much are the tickets?, What is the entry fee?, Do I need to buy tickets?, Tell me ticket prices.",
        "userDefined": false
      }
    ],
    "isTemplate": false,
    "count": 0,
    "lang": "en",
    "updated": 0
  }
]