[
  {
    "id": "ce0d4c5e-7e61-4609-b02f-e603935b1774",
    "data": [
      {
        "text": "How do I get there?, Show me directions to ",
        "userDefined": false
      },
      {
        "text": "Bondi Beach",
        "meta": "@sys.geo-city",
        "alias": "geo-city",
        "userDefined": false
      },
      {
        "text": ", Where is the Sydney Opera House?, Give me the location of ",
        "userDefined": false
      },
      {
        "text": "Melbourne",
        "meta": "@sys.geo-city",
        "alias": "geo-city1",
        "userDefined": false
      },
      {
        "text": " Museum",
        "userDefined": false
      }
    ],
    "isTemplate": false,
    "count": 0,
    "lang": "en",
    "updated": 0
  },
  {
    "id": "18c8dc95-59d8-47df-ab50-4dcd2a5eed17",
    "data": [
      {
        "text": "How do I get there?, Show me directions., How do I reach Bondi Beach? , Where is it located?",
        "userDefined": false
      }
    ],
    "isTemplate": false,
    "count": 0,
    "lang": "en",
    "updated": 0
  }
]