[
  {
    "id": "3ebd48db-138d-4d7c-9550-974377938130",
    "data": [
      {
        "text": "What can this bot do?",
        "userDefined": false
      }
    ],
    "isTemplate": false,
    "count": 0,
    "lang": "en",
    "updated": 0
  },
  {
    "id": "a94fea69-a007-4888-8a05-57520961eeeb",
    "data": [
      {
        "text": "What are your features?",
        "userDefined": false
      }
    ],
    "isTemplate": false,
    "count": 0,
    "lang": "en",
    "updated": 0
  },
  {
    "id": "16305ff3-5a8d-4fc9-a5da-5b84483311dd",
    "data": [
      {
        "text": "How can you help me?",
        "userDefined": false
      }
    ],
    "isTemplate": false,
    "count": 0,
    "lang": "en",
    "updated": 0
  },
  {
    "id": "15d38dcc-0008-4608-9ab8-b65ed5ac5fcd",
    "data": [
      {
        "text": "What cities do you support?",
        "userDefined": false
      }
    ],
    "isTemplate": false,
    "count": 0,
    "lang": "en",
    "updated": 0
  },
  {
    "id": "cdd923c4-fa2b-4639-8554-8be853e22cd0",
    "data": [
      {
        "text": "Where can I travel?",
        "userDefined": false
      }
    ],
    "isTemplate": false,
    "count": 0,
    "lang": "en",
    "updated": 0
  },
  {
    "id": "edfbdb2a-5ffa-4637-923f-82a31686189d",
    "data": [
      {
        "text": "What services do you offer?",
        "userDefined": false
      }
    ],
    "isTemplate": false,
    "count": 0,
    "lang": "en",
    "updated": 0
  },
  {
    "id": "0cc7f3ef-29aa-4a53-b030-a7ea56659cae",
    "data": [
      {
        "text": "Tell me about yourself",
        "userDefined": false
      }
    ],
    "isTemplate": false,
    "count": 0,
    "lang": "en",
    "updated": 0
  },
  {
    "id": "b64fa6bc-fda6-4d54-9204-002f1fa4ecb9",
    "data": [
      {
        "text": "What can you do?",
        "userDefined": false
      }
    ],
    "isTemplate": false,
    "count": 0,
    "lang": "en",
    "updated": 0
  }
]