[
  {
    "id": "f9bbf4e4-b8ec-4d73-a7ea-30db025a60fb",
    "data": [
      {
        "text": "thank you that was helpful",
        "userDefined": false
      }
    ],
    "isTemplate": false,
    "count": 0,
    "lang": "en",
    "updated": 0
  },
  {
    "id": "15a12db5-5da1-4886-9bd9-b799ab060ff9",
    "data": [
      {
        "text": "That was helpful",
        "userDefined": false
      }
    ],
    "isTemplate": false,
    "count": 0,
    "lang": "en",
    "updated": 0
  },
  {
    "id": "1784e0fb-0a63-47b4-9cd3-72fae35e3ed9",
    "data": [
      {
        "text": "You\u0027re great",
        "userDefined": false
      }
    ],
    "isTemplate": false,
    "count": 0,
    "lang": "en",
    "updated": 0
  },
  {
    "id": "6db8003c-5573-4188-8529-edbc3475e736",
    "data": [
      {
        "text": "Good job",
        "userDefined": false
      }
    ],
    "isTemplate": false,
    "count": 0,
    "lang": "en",
    "updated": 0
  },
  {
    "id": "c2ea9812-4ee0-4263-989e-4a8b474257b7",
    "data": [
      {
        "text": "That\u0027s helpful",
        "userDefined": false
      }
    ],
    "isTemplate": false,
    "count": 0,
    "lang": "en",
    "updated": 0
  },
  {
    "id": "aa25fa25-f11b-4964-adaf-873ec06d9348",
    "data": [
      {
        "text": "Much appreciated",
        "userDefined": false
      }
    ],
    "isTemplate": false,
    "count": 0,
    "lang": "en",
    "updated": 0
  },
  {
    "id": "deb2a757-6650-468e-a4cf-312d0e62bbc0",
    "data": [
      {
        "text": "Cheers",
        "userDefined": false
      }
    ],
    "isTemplate": false,
    "count": 0,
    "lang": "en",
    "updated": 0
  },
  {
    "id": "22d14b53-dc83-44f7-ba3d-bc4d542366cb",
    "data": [
      {
        "text": "Thank you so much",
        "userDefined": false
      }
    ],
    "isTemplate": false,
    "count": 0,
    "lang": "en",
    "updated": 0
  },
  {
    "id": "15c39565-d1bf-411c-a19d-eff1aa8c1bc6",
    "data": [
      {
        "text": "Thanks a lot",
        "userDefined": false
      }
    ],
    "isTemplate": false,
    "count": 0,
    "lang": "en",
    "updated": 0
  },
  {
    "id": "c4fdb06c-140e-42a5-bd0f-cb29b9030199",
    "data": [
      {
        "text": "Thanks",
        "userDefined": false
      }
    ],
    "isTemplate": false,
    "count": 0,
    "lang": "en",
    "updated": 0
  },
  {
    "id": "62101acc-2075-4660-a029-45e39f617554",
    "data": [
      {
        "text": "Thank you",
        "userDefined": false
      }
    ],
    "isTemplate": false,
    "count": 0,
    "lang": "en",
    "updated": 0
  }
]